 format: day,hour,forecast,value  location:53_37 Start : 20210101 
1,200,4,4
1,200,7,5
1,200,10,3
1,500,4,5
1,500,7,3
1,800,4,5
1,800,7,3
1,1100,4,5
1,1100,7,3
1,1400,4,5
1,1400,7,3
1,1700,4,5
1,1700,7,3
1,2000,4,5
1,2000,7,4
1,2000,10,7
1,2300,4,5
1,2300,7,4
1,2300,10,7
2,200,4,5
2,200,7,4
2,200,10,7
2,500,4,4
2,500,7,7
2,800,4,4
2,800,7,7
2,1100,4,4
2,1100,7,7
2,1400,4,4
2,1400,7,7
2,1700,4,4
2,1700,7,7
2,2000,4,4
2,2000,7,7
2,2000,10,5
2,2300,4,4
2,2300,7,7
2,2300,10,5
3,200,4,4
3,200,7,7
3,200,10,5
3,500,4,7
3,500,7,5
3,800,4,7
3,800,7,5
3,1100,4,7
3,1100,7,5
3,1400,4,7
3,1400,7,5
3,1700,4,7
3,1700,7,5
3,2000,4,7
3,2000,7,5
3,2000,10,2
3,2300,4,7
3,2300,7,5
3,2300,10,2
4,200,4,7
4,200,7,5
4,200,10,2
4,500,4,5
4,500,7,2
4,800,4,5
4,800,7,2
4,1100,4,5
4,1100,7,2
4,1400,4,5
4,1400,7,2
4,1700,4,5
4,1700,7,2
4,2000,4,4
4,2000,7,2
4,2000,10,-3
4,2300,4,4
4,2300,7,2
4,2300,10,-3
5,200,4,4
5,200,7,2
5,200,10,-3
5,500,4,2
5,500,7,-3
5,800,4,3
5,800,7,-3
5,1100,4,3
5,1100,7,-3
5,1400,4,3
5,1400,7,-3
5,1700,4,3
5,1700,7,-3
5,2000,4,3
5,2000,7,-3
5,2000,10,-2
5,2300,4,3
5,2300,7,-3
5,2300,10,-2
6,200,4,3
6,200,7,-3
6,200,10,-2
6,500,4,-3
6,500,7,-2
6,800,4,-3
6,800,7,-2
6,1100,4,-3
6,1100,7,-2
6,1400,4,-3
6,1400,7,-2
6,1700,4,-3
6,1700,7,-2
6,2000,4,-4
6,2000,7,-3
6,2000,10,-1
6,2300,4,-4
6,2300,7,-3
6,2300,10,-1
7,200,4,-4
7,200,7,-3
7,200,10,-1
7,500,4,-3
7,500,7,-1
7,800,4,-5
7,800,7,-1
7,1100,4,-5
7,1100,7,-1
7,1400,4,-5
7,1400,7,-1
7,1700,4,-5
7,1700,7,-1
7,2000,4,-5
7,2000,7,-1
7,2000,10,3
7,2300,4,-5
7,2300,7,-1
7,2300,10,3
8,200,4,-5
8,200,7,-1
8,200,10,3
8,500,4,-1
8,500,7,3
8,800,4,-1
8,800,7,3
8,1100,4,-1
8,1100,7,3
8,1400,4,-1
8,1400,7,3
8,1700,4,-1
8,1700,7,3
8,2000,4,-1
8,2000,7,2
8,2000,10,2
8,2300,4,-1
8,2300,7,2
8,2300,10,2
9,200,4,-1
9,200,7,2
9,200,10,2
9,500,4,2
9,500,7,2
9,800,4,2
9,800,7,2
9,1100,4,2
9,1100,7,2
9,1400,4,2
9,1400,7,2
9,1700,4,2
9,1700,7,2
9,2000,4,2
9,2000,7,2
9,2000,10,4
9,2300,4,2
9,2300,7,2
9,2300,10,4
10,200,4,2
10,200,7,2
10,200,10,4
10,500,4,2
10,500,7,4
10,800,4,2
10,800,7,4
10,1100,4,2
10,1100,7,4
10,1400,4,2
10,1400,7,4
10,1700,4,2
10,1700,7,4
10,2000,4,2
10,2000,7,4
10,2000,10,10
10,2300,4,2
10,2300,7,4
10,2300,10,10
11,200,4,2
11,200,7,4
11,200,10,10
11,500,4,4
11,500,7,10
11,800,4,3
11,800,7,9
11,1100,4,3
11,1100,7,9
11,1400,4,3
11,1400,7,9
11,1700,4,3
11,1700,7,9
11,2000,4,3
11,2000,7,9
11,2000,10,11
11,2300,4,3
11,2300,7,9
11,2300,10,11
12,200,4,3
12,200,7,9
12,200,10,11
12,500,4,9
12,500,7,11
12,800,4,9
12,800,7,10
12,1100,4,9
12,1100,7,10
12,1400,4,9
12,1400,7,10
12,1700,4,9
12,1700,7,10
12,2000,4,9
12,2000,7,10
12,2000,10,13
12,2300,4,9
12,2300,7,10
12,2300,10,13
13,200,4,9
13,200,7,10
13,200,10,13
13,500,4,10
13,500,7,13
13,800,4,11
13,800,7,12
13,1100,4,11
13,1100,7,12
13,1400,4,11
13,1400,7,12
13,1700,4,11
13,1700,7,12
13,2000,4,11
13,2000,7,12
13,2000,10,2
13,2300,4,11
13,2300,7,12
13,2300,10,2
14,200,4,11
14,200,7,12
14,200,10,2
14,500,4,12
14,500,7,2
14,800,4,13
14,800,7,2
14,1100,4,13
14,1100,7,2
14,1400,4,13
14,1400,7,2
14,1700,4,13
14,1700,7,2
14,2000,4,13
14,2000,7,2
14,2000,10,1
14,2300,4,13
14,2300,7,2
14,2300,10,1
15,200,4,13
15,200,7,2
15,200,10,1
15,500,4,2
15,500,7,1
15,800,4,3
15,800,7,1
15,1100,4,3
15,1100,7,1
15,1400,4,3
15,1400,7,1
15,1700,4,3
15,1700,7,1
15,2000,4,3
15,2000,7,1
15,2000,10,6
15,2300,4,3
15,2300,7,1
15,2300,10,6
16,200,4,3
16,200,7,1
16,200,10,6
16,500,4,1
16,500,7,6
16,800,4,1
16,800,7,6
16,1100,4,1
16,1100,7,6
16,1400,4,1
16,1400,7,6
16,1700,4,1
16,1700,7,6
16,2000,4,1
16,2000,7,6
16,2000,10,4
16,2300,4,1
16,2300,7,6
16,2300,10,4
17,200,4,1
17,200,7,6
17,200,10,4
17,500,4,6
17,500,7,4
17,800,4,6
17,800,7,3
17,1100,4,6
17,1100,7,3
17,1400,4,6
17,1400,7,3
17,1700,4,6
17,1700,7,3
17,2000,4,6
17,2000,7,3
17,2000,10,10
17,2300,4,6
17,2300,7,3
17,2300,10,10
18,200,4,6
18,200,7,3
18,200,10,10
18,500,4,3
18,500,7,10
18,800,4,3
18,800,7,10
18,1100,4,3
18,1100,7,10
18,1400,4,3
18,1400,7,10
18,1700,4,3
18,1700,7,10
18,2000,4,3
18,2000,7,10
18,2000,10,15
18,2300,4,3
18,2300,7,10
18,2300,10,15
19,200,4,3
19,200,7,10
19,200,10,15
19,500,4,10
19,500,7,15
19,800,4,10
19,800,7,14
19,1100,4,10
19,1100,7,14
19,1400,4,10
19,1400,7,14
19,1700,4,10
19,1700,7,14
19,2000,4,11
19,2000,7,15
19,2000,10,13
19,2300,4,11
19,2300,7,15
19,2300,10,13
20,200,4,11
20,200,7,15
20,200,10,13
20,500,4,15
20,500,7,13
20,800,4,15
20,800,7,12
20,1100,4,15
20,1100,7,12
20,1400,4,15
20,1400,7,12
20,1700,4,15
20,1700,7,12
20,2000,4,15
20,2000,7,12
20,2000,10,12
20,2300,4,15
20,2300,7,12
20,2300,10,12
21,200,4,15
21,200,7,12
21,200,10,12
21,500,4,12
21,500,7,12
21,800,4,13
21,800,7,12
21,1100,4,13
21,1100,7,12
21,1400,4,13
21,1400,7,12
21,1700,4,13
21,1700,7,12
21,2000,4,12
21,2000,7,12
21,2000,10,9
21,2300,4,12
21,2300,7,12
21,2300,10,9
22,200,4,12
22,200,7,12
22,200,10,9
22,500,4,12
22,500,7,9
22,800,4,12
22,800,7,10
22,1100,4,12
22,1100,7,10
22,1400,4,12
22,1400,7,10
22,1700,4,12
22,1700,7,10
22,2000,4,13
22,2000,7,10
22,2000,10,12
22,2300,4,13
22,2300,7,10
22,2300,10,12
23,200,4,13
23,200,7,10
23,200,10,12
23,500,4,10
23,500,7,12
23,800,4,10
23,800,7,13
23,1100,4,10
23,1100,7,13
23,1400,4,10
23,1400,7,13
23,1700,4,10
23,1700,7,13
23,2000,4,10
23,2000,7,13
23,2000,10,12
23,2300,4,10
23,2300,7,13
23,2300,10,12
24,200,4,10
24,200,7,13
24,200,10,12
24,500,4,13
24,500,7,12
24,800,4,13
24,800,7,12
24,1100,4,13
24,1100,7,12
24,1400,4,13
24,1400,7,12
24,1700,4,13
24,1700,7,12
24,2000,4,13
24,2000,7,11
24,2000,10,7
24,2300,4,13
24,2300,7,11
24,2300,10,7
25,200,4,13
25,200,7,11
25,200,10,7
25,500,4,11
25,500,7,7
25,800,4,11
25,800,7,7
25,1100,4,11
25,1100,7,7
25,1400,4,11
25,1400,7,7
25,1700,4,11
25,1700,7,7
25,2000,4,10
25,2000,7,7
25,2000,10,8
25,2300,4,10
25,2300,7,7
25,2300,10,8
26,200,4,10
26,200,7,7
26,200,10,8
26,500,4,7
26,500,7,8
26,800,4,7
26,800,7,8
26,1100,4,7
26,1100,7,8
26,1400,4,7
26,1400,7,8
26,1700,4,7
26,1700,7,8
26,2000,4,8
26,2000,7,8
26,2000,10,2
26,2300,4,8
26,2300,7,8
26,2300,10,2
27,200,4,8
27,200,7,8
27,200,10,2
27,500,4,8
27,500,7,2
27,800,4,8
27,800,7,2
27,1100,4,8
27,1100,7,2
27,1400,4,8
27,1400,7,2
27,1700,4,8
27,1700,7,2
27,2000,4,8
27,2000,7,2
27,2000,10,9
27,2300,4,8
27,2300,7,2
27,2300,10,9
28,200,4,8
28,200,7,2
28,200,10,9
28,500,4,2
28,500,7,9
28,800,4,1
28,800,7,9
28,1100,4,1
28,1100,7,9
28,1400,4,1
28,1400,7,9
28,1700,4,1
28,1700,7,9
28,2000,4,1
28,2000,7,9
28,2000,10,12
28,2300,4,1
28,2300,7,9
28,2300,10,12
29,200,4,1
29,200,7,9
29,200,10,12
29,500,4,9
29,500,7,12
29,800,4,9
29,800,7,12
29,1100,4,9
29,1100,7,12
29,1400,4,9
29,1400,7,12
29,1700,4,9
29,1700,7,12
29,2000,4,9
29,2000,7,12
29,2000,10,12
29,2300,4,9
29,2300,7,12
29,2300,10,12
30,200,4,9
30,200,7,12
30,200,10,12
30,500,4,12
30,500,7,12
30,800,4,12
30,800,7,12
30,1100,4,12
30,1100,7,12
30,1400,4,12
30,1400,7,12
30,1700,4,12
30,1700,7,12
30,2000,4,12
30,2000,7,12
30,2000,10,2
30,2300,4,12
30,2300,7,12
30,2300,10,2
31,200,4,12
31,200,7,12
31,200,10,2
31,500,4,12
31,500,7,2
31,800,4,12
31,800,7,2
31,1100,4,12
31,1100,7,2
31,1400,4,12
31,1400,7,2
31,1700,4,12
31,1700,7,2
31,2000,4,11
31,2000,7,1
31,2000,10,7
31,2300,4,11
31,2300,7,1
31,2300,10,7
 Start : 20210201 ,,,
1,200,4,11
1,200,7,1
1,200,10,7
1,500,4,1
1,500,7,7
1,800,4,2
1,800,7,7
1,1100,4,2
1,1100,7,7
1,1400,4,2
1,1400,7,7
1,1700,4,2
1,1700,7,7
1,2000,4,2
1,2000,7,7
1,2000,10,6
1,2300,4,2
1,2300,7,7
1,2300,10,6
2,200,4,2
2,200,7,7
2,200,10,6
2,500,4,7
2,500,7,6
2,800,4,6
2,800,7,6
2,1100,4,6
2,1100,7,6
2,1400,4,6
2,1400,7,6
2,1700,4,6
2,1700,7,6
2,2000,4,6
2,2000,7,5
2,2000,10,10
2,2300,4,6
2,2300,7,5
2,2300,10,10
3,200,4,6
3,200,7,5
3,200,10,10
3,500,4,5
3,500,7,10
3,800,4,5
3,800,7,10
3,1100,4,5
3,1100,7,10
3,1400,4,5
3,1400,7,10
3,1700,4,5
3,1700,7,10
3,2000,4,5
3,2000,7,10
3,2000,10,13
3,2300,4,5
3,2300,7,10
3,2300,10,13
4,200,4,5
4,200,7,10
4,200,10,13
4,500,4,10
4,500,7,13
4,800,4,10
4,800,7,13
4,1100,4,10
4,1100,7,13
4,1400,4,10
4,1400,7,13
4,1700,4,10
4,1700,7,13
4,2000,4,10
4,2000,7,14
4,2000,10,10
4,2300,4,10
4,2300,7,14
4,2300,10,10
5,200,4,10
5,200,7,14
5,200,10,10
5,500,4,14
5,500,7,10
5,800,4,13
5,800,7,11
5,1100,4,13
5,1100,7,11
5,1400,4,13
5,1400,7,11
5,1700,4,13
5,1700,7,11
5,2000,4,13
5,2000,7,11
5,2000,10,3
5,2300,4,13
5,2300,7,11
5,2300,10,3
6,200,4,13
6,200,7,11
6,200,10,3
6,500,4,11
6,500,7,3
6,800,4,12
6,800,7,3
6,1100,4,12
6,1100,7,3
6,1400,4,12
6,1400,7,3
6,1700,4,12
6,1700,7,3
6,2000,4,13
6,2000,7,3
6,2000,10,6
6,2300,4,13
6,2300,7,3
6,2300,10,6
7,200,4,13
7,200,7,3
7,200,10,6
7,500,4,3
7,500,7,6
7,800,4,3
7,800,7,6
7,1100,4,3
7,1100,7,6
7,1400,4,3
7,1400,7,6
7,1700,4,3
7,1700,7,6
7,2000,4,3
7,2000,7,5
7,2000,10,10
7,2300,4,3
7,2300,7,5
7,2300,10,10
8,200,4,3
8,200,7,5
8,200,10,10
8,500,4,5
8,500,7,10
8,800,4,5
8,800,7,10
8,1100,4,5
8,1100,7,10
8,1400,4,5
8,1400,7,10
8,1700,4,5
8,1700,7,10
8,2000,4,6
8,2000,7,10
8,2000,10,11
8,2300,4,6
8,2300,7,10
8,2300,10,11
9,200,4,6
9,200,7,10
9,200,10,11
9,500,4,10
9,500,7,11
9,800,4,10
9,800,7,11
9,1100,4,10
9,1100,7,11
9,1400,4,10
9,1400,7,11
9,1700,4,10
9,1700,7,11
9,2000,4,10
9,2000,7,11
9,2000,10,14
9,2300,4,10
9,2300,7,11
9,2300,10,14
10,200,4,10
10,200,7,11
10,200,10,14
10,500,4,11
10,500,7,14
10,800,4,11
10,800,7,14
10,1100,4,11
10,1100,7,14
10,1400,4,11
10,1400,7,14
10,1700,4,11
10,1700,7,14
10,2000,4,12
10,2000,7,13
10,2000,10,15
10,2300,4,12
10,2300,7,13
10,2300,10,15
11,200,4,12
11,200,7,13
11,200,10,15
11,500,4,13
11,500,7,15
11,800,4,13
11,800,7,15
11,1100,4,13
11,1100,7,15
11,1400,4,13
11,1400,7,15
11,1700,4,13
11,1700,7,15
11,2000,4,13
11,2000,7,15
11,2000,10,15
11,2300,4,13
11,2300,7,15
11,2300,10,15
12,200,4,13
12,200,7,15
12,200,10,15
12,500,4,15
12,500,7,15
12,800,4,15
12,800,7,15
12,1100,4,15
12,1100,7,15
12,1400,4,15
12,1400,7,15
12,1700,4,15
12,1700,7,15
12,2000,4,16
12,2000,7,16
12,2000,10,9
12,2300,4,16
12,2300,7,16
12,2300,10,9
13,200,4,16
13,200,7,16
13,200,10,9
13,500,4,16
13,500,7,9
13,800,4,15
13,800,7,8
13,1100,4,15
13,1100,7,8
13,1400,4,15
13,1400,7,8
13,1700,4,15
13,1700,7,8
13,2000,4,15
13,2000,7,8
13,2000,10,7
13,2300,4,15
13,2300,7,8
13,2300,10,7
14,200,4,15
14,200,7,8
14,200,10,7
14,500,4,8
14,500,7,7
14,800,4,8
14,800,7,7
14,1100,4,8
14,1100,7,7
14,1400,4,8
14,1400,7,7
14,1700,4,8
14,1700,7,7
14,2000,4,8
14,2000,7,7
14,2000,10,0
14,2300,4,8
14,2300,7,7
14,2300,10,0
15,200,4,8
15,200,7,7
15,200,10,0
15,500,4,7
15,500,7,0
15,800,4,7
15,800,7,0
15,1100,4,7
15,1100,7,0
15,1400,4,7
15,1400,7,0
15,1700,4,7
15,1700,7,0
15,2000,4,8
15,2000,7,0
15,2000,10,1
15,2300,4,8
15,2300,7,0
15,2300,10,1
16,200,4,8
16,200,7,0
16,200,10,1
16,500,4,0
16,500,7,1
16,800,4,0
16,800,7,1
16,1100,4,0
16,1100,7,1
16,1400,4,0
16,1400,7,1
16,1700,4,0
16,1700,7,1
16,2000,4,0
16,2000,7,1
16,2000,10,10
16,2300,4,0
16,2300,7,1
16,2300,10,10
17,200,4,0
17,200,7,1
17,200,10,10
17,500,4,1
17,500,7,10
17,800,4,1
17,800,7,10
17,1100,4,1
17,1100,7,10
17,1400,4,1
17,1400,7,10
17,1700,4,1
17,1700,7,10
17,2000,4,1
17,2000,7,10
17,2000,10,16
17,2300,4,1
17,2300,7,10
17,2300,10,16
18,200,4,1
18,200,7,10
18,200,10,16
18,500,4,10
18,500,7,16
18,800,4,10
18,800,7,16
18,1100,4,10
18,1100,7,16
18,1400,4,10
18,1400,7,16
18,1700,4,10
18,1700,7,16
18,2000,4,10
18,2000,7,16
18,2000,10,18
18,2300,4,10
18,2300,7,16
18,2300,10,18
19,200,4,10
19,200,7,16
19,200,10,18
19,500,4,16
19,500,7,18
19,800,4,15
19,800,7,18
19,1100,4,15
19,1100,7,18
19,1400,4,15
19,1400,7,18
19,1700,4,15
19,1700,7,18
19,2000,4,16
19,2000,7,19
19,2000,10,18
19,2300,4,16
19,2300,7,19
19,2300,10,18
20,200,4,16
20,200,7,19
20,200,10,18
20,500,4,19
20,500,7,18
20,800,4,19
20,800,7,19
20,1100,4,19
20,1100,7,19
20,1400,4,19
20,1400,7,19
20,1700,4,19
20,1700,7,19
20,2000,4,20
20,2000,7,19
20,2000,10,7
20,2300,4,20
20,2300,7,19
20,2300,10,7
21,200,4,20
21,200,7,19
21,200,10,7
21,500,4,19
21,500,7,7
21,800,4,19
21,800,7,8
21,1100,4,19
21,1100,7,8
21,1400,4,19
21,1400,7,8
21,1700,4,19
21,1700,7,8
21,2000,4,19
21,2000,7,8
21,2000,10,12
21,2300,4,19
21,2300,7,8
21,2300,10,12
22,200,4,22
22,200,7,8
22,200,10,12
22,500,4,8
22,500,7,12
22,800,4,8
22,800,7,12
22,1100,4,8
22,1100,7,12
22,1400,4,8
22,1400,7,12
22,1700,4,8
22,1700,7,12
22,2000,4,8
22,2000,7,12
22,2000,10,12
22,2300,4,8
22,2300,7,12
22,2300,10,12
23,200,4,8
23,200,7,12
23,200,10,12
23,500,4,12
23,500,7,12
23,800,4,12
23,800,7,12
23,1100,4,12
23,1100,7,12
23,1400,4,12
23,1400,7,12
23,1700,4,12
23,1700,7,12
23,2000,4,12
23,2000,7,13
23,2000,10,10
23,2300,4,12
23,2300,7,13
23,2300,10,10
24,200,4,12
24,200,7,13
24,200,10,10
24,500,4,13
24,500,7,10
24,800,4,13
24,800,7,10
24,1100,4,13
24,1100,7,10
24,1400,4,13
24,1400,7,10
24,1700,4,13
24,1700,7,10
24,2000,4,13
24,2000,7,10
24,2000,10,9
24,2300,4,13
24,2300,7,10
24,2300,10,9
25,200,4,13
25,200,7,10
25,200,10,9
25,500,4,10
25,500,7,9
25,800,4,10
25,800,7,11
25,1100,4,10
25,1100,7,11
25,1400,4,10
25,1400,7,11
25,1700,4,10
25,1700,7,11
25,2000,4,11
25,2000,7,11
25,2000,10,15
25,2300,4,11
25,2300,7,11
25,2300,10,15
26,200,4,11
26,200,7,11
26,200,10,15
26,500,4,11
26,500,7,15
26,800,4,10
26,800,7,15
26,1100,4,10
26,1100,7,15
26,1400,4,10
26,1400,7,15
26,1700,4,10
26,1700,7,15
26,2000,4,11
26,2000,7,15
26,2000,10,18
26,2300,4,11
26,2300,7,15
26,2300,10,18
27,200,4,11
27,200,7,15
27,200,10,18
27,500,4,15
27,500,7,18
27,800,4,15
27,800,7,18
27,1100,4,15
27,1100,7,18
27,1400,4,15
27,1400,7,18
27,1700,4,15
27,1700,7,18
27,2000,4,15
27,2000,7,18
27,2000,10,6
27,2300,4,15
27,2300,7,18
27,2300,10,6
28,200,4,15
28,200,7,18
28,200,10,6
28,500,4,18
28,500,7,6
28,800,4,18
28,800,7,7
28,1100,4,18
28,1100,7,7
28,1400,4,18
28,1400,7,7
28,1700,4,18
28,1700,7,7
28,2000,4,19
28,2000,7,6
28,2000,10,10
28,2300,4,19
28,2300,7,6
28,2300,10,10
 Start : 20210301 ,,,
1,200,4,19
1,200,7,6
1,200,10,10
1,500,4,6
1,500,7,10
1,800,4,6
1,800,7,10
1,1100,4,6
1,1100,7,10
1,1400,4,6
1,1400,7,10
1,1700,4,6
1,1700,7,10
1,2000,4,6
1,2000,7,11
1,2000,10,13
1,2300,4,6
1,2300,7,11
1,2300,10,13
2,200,4,6
2,200,7,11
2,200,10,13
2,500,4,11
2,500,7,13
2,800,4,11
2,800,7,13
2,1100,4,11
2,1100,7,13
2,1400,4,11
2,1400,7,13
2,1700,4,11
2,1700,7,13
2,2000,4,11
2,2000,7,13
2,2000,10,15
2,2300,4,11
2,2300,7,13
2,2300,10,15
3,200,4,11
3,200,7,13
3,200,10,15
3,500,4,13
3,500,7,15
3,800,4,12
3,800,7,15
3,1100,4,12
3,1100,7,15
3,1400,4,12
3,1400,7,15
3,1700,4,12
3,1700,7,15
3,2000,4,12
3,2000,7,14
3,2000,10,13
3,2300,4,12
3,2300,7,14
3,2300,10,13
4,200,4,12
4,200,7,14
4,200,10,13
4,500,4,14
4,500,7,13
4,800,4,14
4,800,7,13
4,1100,4,14
4,1100,7,13
4,1400,4,14
4,1400,7,13
4,1700,4,14
4,1700,7,13
4,2000,4,14
4,2000,7,13
4,2000,10,10
4,2300,4,14
4,2300,7,13
4,2300,10,10
5,200,4,14
5,200,7,13
5,200,10,10
5,500,4,13
5,500,7,10
5,800,4,13
5,800,7,10
5,1100,4,13
5,1100,7,10
5,1400,4,13
5,1400,7,10
5,1700,4,13
5,1700,7,10
5,2000,4,13
5,2000,7,10
5,2000,10,12
5,2300,4,13
5,2300,7,10
5,2300,10,12
6,200,4,13
6,200,7,10
6,200,10,12
6,500,4,10
6,500,7,12
6,800,4,10
6,800,7,12
6,1100,4,10
6,1100,7,12
6,1400,4,10
6,1400,7,12
6,1700,4,10
6,1700,7,12
6,2000,4,10
6,2000,7,12
6,2000,10,12
6,2300,4,10
6,2300,7,12
6,2300,10,12
7,200,4,10
7,200,7,12
7,200,10,12
7,500,4,12
7,500,7,12
7,800,4,12
7,800,7,12
7,1100,4,12
7,1100,7,12
7,1400,4,12
7,1400,7,12
7,1700,4,12
7,1700,7,12
7,2000,4,12
7,2000,7,12
7,2000,10,14
7,2300,4,12
7,2300,7,12
7,2300,10,14
8,200,4,12
8,200,7,12
8,200,10,14
8,500,4,12
8,500,7,14
8,800,4,12
8,800,7,14
8,1100,4,12
8,1100,7,14
8,1400,4,12
8,1400,7,14
8,1700,4,12
8,1700,7,14
8,2000,4,12
8,2000,7,14
8,2000,10,17
8,2300,4,12
8,2300,7,14
8,2300,10,17
9,200,4,12
9,200,7,14
9,200,10,17
9,500,4,14
9,500,7,17
9,800,4,14
9,800,7,16
9,1100,4,14
9,1100,7,16
9,1400,4,14
9,1400,7,16
9,1700,4,14
9,1700,7,16
9,2000,4,14
9,2000,7,16
9,2000,10,13
9,2300,4,14
9,2300,7,16
9,2300,10,13
10,200,4,14
10,200,7,16
10,200,10,13
10,500,4,16
10,500,7,13
10,800,4,16
10,800,7,13
10,1100,4,16
10,1100,7,13
10,1400,4,16
10,1400,7,13
10,1700,4,16
10,1700,7,13
10,2000,4,17
10,2000,7,12
10,2000,10,12
10,2300,4,17
10,2300,7,12
10,2300,10,12
11,200,4,17
11,200,7,12
11,200,10,12
11,500,4,12
11,500,7,12
11,800,4,13
11,800,7,12
11,1100,4,13
11,1100,7,12
11,1400,4,13
11,1400,7,12
11,1700,4,13
11,1700,7,12
11,2000,4,11
11,2000,7,12
11,2000,10,13
11,2300,4,11
11,2300,7,12
11,2300,10,13
12,200,4,11
12,200,7,12
12,200,10,13
12,500,4,12
12,500,7,13
12,800,4,13
12,800,7,13
12,1100,4,13
12,1100,7,13
12,1400,4,13
12,1400,7,13
12,1700,4,13
12,1700,7,13
12,2000,4,13
12,2000,7,13
12,2000,10,17
12,2300,4,13
12,2300,7,13
12,2300,10,17
13,200,4,13
13,200,7,13
13,200,10,17
13,500,4,13
13,500,7,17
13,800,4,13
13,800,7,17
13,1100,4,13
13,1100,7,17
13,1400,4,13
13,1400,7,17
13,1700,4,13
13,1700,7,17
13,2000,4,13
13,2000,7,17
13,2000,10,15
13,2300,4,13
13,2300,7,17
13,2300,10,15
14,200,4,13
14,200,7,17
14,200,10,15
14,500,4,17
14,500,7,15
14,800,4,17
14,800,7,14
14,1100,4,17
14,1100,7,14
14,1400,4,17
14,1400,7,14
14,1700,4,17
14,1700,7,14
14,2000,4,17
14,2000,7,14
14,2000,10,14
14,2300,4,17
14,2300,7,14
14,2300,10,14
15,200,4,17
15,200,7,14
15,200,10,14
15,500,4,14
15,500,7,14
15,800,4,14
15,800,7,14
15,1100,4,14
15,1100,7,14
15,1400,4,14
15,1400,7,14
15,1700,4,14
15,1700,7,14
15,2000,4,14
15,2000,7,14
15,2000,10,16
15,2300,4,14
15,2300,7,14
15,2300,10,16
16,200,4,14
16,200,7,14
16,200,10,16
16,500,4,14
16,500,7,16
16,800,4,14
16,800,7,16
16,1100,4,14
16,1100,7,16
16,1400,4,14
16,1400,7,16
16,1700,4,14
16,1700,7,16
16,2000,4,15
16,2000,7,15
16,2000,10,15
16,2300,4,15
16,2300,7,15
16,2300,10,15
17,200,4,15
17,200,7,15
17,200,10,15
17,500,4,15
17,500,7,15
17,800,4,15
17,800,7,15
17,1100,4,15
17,1100,7,15
17,1400,4,15
17,1400,7,15
17,1700,4,15
17,1700,7,15
17,2000,4,16
17,2000,7,15
17,2000,10,17
17,2300,4,16
17,2300,7,15
17,2300,10,17
18,200,4,16
18,200,7,15
18,200,10,17
18,500,4,15
18,500,7,17
18,800,4,15
18,800,7,18
18,1100,4,15
18,1100,7,18
18,1400,4,15
18,1400,7,18
18,1700,4,15
18,1700,7,18
18,2000,4,15
18,2000,7,17
18,2000,10,11
18,2300,4,15
18,2300,7,17
18,2300,10,11
19,200,4,15
19,200,7,17
19,200,10,11
19,500,4,17
19,500,7,11
19,800,4,17
19,800,7,10
19,1100,4,17
19,1100,7,10
19,1400,4,17
19,1400,7,10
19,1700,4,17
19,1700,7,10
19,2000,4,17
19,2000,7,10
19,2000,10,9
19,2300,4,17
19,2300,7,10
19,2300,10,9
20,200,4,17
20,200,7,10
20,200,10,9
20,500,4,10
20,500,7,9
20,800,4,10
20,800,7,10
20,1100,4,10
20,1100,7,10
20,1400,4,10
20,1400,7,10
20,1700,4,10
20,1700,7,10
20,2000,4,10
20,2000,7,10
20,2000,10,14
20,2300,4,10
20,2300,7,10
20,2300,10,14
21,200,4,10
21,200,7,10
21,200,10,14
21,500,4,10
21,500,7,14
21,800,4,10
21,800,7,14
21,1100,4,10
21,1100,7,14
21,1400,4,10
21,1400,7,14
21,1700,4,10
21,1700,7,14
21,2000,4,9
21,2000,7,14
21,2000,10,15
21,2300,4,9
21,2300,7,14
21,2300,10,15
22,200,4,9
22,200,7,14
22,200,10,15
22,500,4,14
22,500,7,15
22,800,4,14
22,800,7,15
22,1100,4,14
22,1100,7,15
22,1400,4,14
22,1400,7,15
22,1700,4,14
22,1700,7,15
22,2000,4,14
22,2000,7,16
22,2000,10,17
22,2300,4,14
22,2300,7,16
22,2300,10,17
23,200,4,14
23,200,7,16
23,200,10,17
23,500,4,16
23,500,7,17
23,800,4,16
23,800,7,17
23,1100,4,16
23,1100,7,17
23,1400,4,16
23,1400,7,17
23,1700,4,16
23,1700,7,17
23,2000,4,16
23,2000,7,17
23,2000,10,19
23,2300,4,16
23,2300,7,17
23,2300,10,19
24,200,4,16
24,200,7,17
24,200,10,19
24,500,4,17
24,500,7,19
24,800,4,17
24,800,7,19
24,1100,4,17
24,1100,7,19
24,1400,4,17
24,1400,7,19
24,1700,4,17
24,1700,7,19
24,2000,4,17
24,2000,7,20
24,2000,10,18
24,2300,4,17
24,2300,7,20
24,2300,10,18
25,200,4,17
25,200,7,20
25,200,10,18
25,500,4,20
25,500,7,18
25,800,4,20
25,800,7,18
25,1100,4,20
25,1100,7,18
25,1400,4,20
25,1400,7,18
25,1700,4,20
25,1700,7,18
25,2000,4,20
25,2000,7,18
25,2000,10,17
25,2300,4,20
25,2300,7,18
25,2300,10,17
26,200,4,20
26,200,7,18
26,200,10,17
26,500,4,18
26,500,7,17
26,800,4,19
26,800,7,18
26,1100,4,19
26,1100,7,18
26,1400,4,19
26,1400,7,18
26,1700,4,19
26,1700,7,18
26,2000,4,19
26,2000,7,18
26,2000,10,19
26,2300,4,19
26,2300,7,18
26,2300,10,19
27,200,4,19
27,200,7,18
27,200,10,19
27,500,4,18
27,500,7,19
27,800,4,18
27,800,7,19
27,1100,4,18
27,1100,7,19
27,1400,4,18
27,1400,7,19
27,1700,4,18
27,1700,7,19
27,2000,4,17
27,2000,7,19
27,2000,10,16
27,2300,4,17
27,2300,7,19
27,2300,10,16
28,200,4,17
28,200,7,19
28,200,10,16
28,500,4,19
28,500,7,16
28,800,4,19
28,800,7,16
28,1100,4,19
28,1100,7,16
28,1400,4,19
28,1400,7,16
28,1700,4,19
28,1700,7,16
28,2000,4,19
28,2000,7,17
28,2000,10,18
28,2300,4,19
28,2300,7,17
28,2300,10,18
29,200,4,19
29,200,7,17
29,200,10,18
29,500,4,17
29,500,7,18
29,800,4,17
29,800,7,18
29,1100,4,17
29,1100,7,18
29,1400,4,17
29,1400,7,18
29,1700,4,17
29,1700,7,18
29,2000,4,17
29,2000,7,18
29,2000,10,17
29,2300,4,17
29,2300,7,18
29,2300,10,17
30,200,4,17
30,200,7,18
30,200,10,17
30,500,4,18
30,500,7,17
30,800,4,18
30,800,7,17
30,1100,4,18
30,1100,7,17
30,1400,4,18
30,1400,7,17
30,1700,4,18
30,1700,7,17
30,2000,4,19
30,2000,7,17
30,2000,10,20
30,2300,4,19
30,2300,7,17
30,2300,10,20
31,200,4,19
31,200,7,17
31,200,10,20
31,500,4,17
31,500,7,20
31,800,4,17
31,800,7,20
31,1100,4,17
31,1100,7,20
31,1400,4,17
31,1400,7,20
31,1700,4,17
31,1700,7,20
31,2000,4,17
31,2000,7,20
31,2000,10,21
31,2300,4,17
31,2300,7,20
31,2300,10,21
 Start : 20210401 ,,,
1,200,4,17
1,200,7,20
1,200,10,21
1,500,4,20
1,500,7,21
1,800,4,20
1,800,7,21
1,1100,4,20
1,1100,7,21
1,1400,4,20
1,1400,7,21
1,1700,4,20
1,1700,7,21
1,2000,4,19
1,2000,7,20
1,2000,10,15
1,2300,4,19
1,2300,7,20
1,2300,10,15
2,200,4,19
2,200,7,20
2,200,10,15
2,500,4,20
2,500,7,15
2,800,4,20
2,800,7,13
2,1100,4,20
2,1100,7,13
2,1400,4,20
2,1400,7,13
2,1700,4,20
2,1700,7,13
2,2000,4,20
2,2000,7,12
2,2000,10,13
2,2300,4,20
2,2300,7,12
2,2300,10,13
3,200,4,20
3,200,7,12
3,200,10,13
3,500,4,12
3,500,7,13
3,800,4,12
3,800,7,12
3,1100,4,12
3,1100,7,12
3,1400,4,12
3,1400,7,12
3,1700,4,12
3,1700,7,12
3,2000,4,12
3,2000,7,12
3,2000,10,15
3,2300,4,12
3,2300,7,12
3,2300,10,15
4,200,4,12
4,200,7,12
4,200,10,15
4,500,4,12
4,500,7,15
4,800,4,13
4,800,7,15
4,1100,4,13
4,1100,7,15
4,1400,4,13
4,1400,7,15
4,1700,4,13
4,1700,7,15
4,2000,4,12
4,2000,7,15
4,2000,10,16
4,2300,4,12
4,2300,7,15
4,2300,10,16
5,200,4,12
5,200,7,15
5,200,10,16
5,500,4,15
5,500,7,16
5,800,4,15
5,800,7,15
5,1100,4,15
5,1100,7,15
5,1400,4,15
5,1400,7,15
5,1700,4,15
5,1700,7,15
5,2000,4,15
5,2000,7,15
5,2000,10,15
5,2300,4,15
5,2300,7,15
5,2300,10,15
6,200,4,15
6,200,7,15
6,200,10,15
6,500,4,15
6,500,7,15
6,800,4,16
6,800,7,15
6,1100,4,16
6,1100,7,15
6,1400,4,16
6,1400,7,15
6,1700,4,16
6,1700,7,15
6,2000,4,16
6,2000,7,15
6,2000,10,15
6,2300,4,16
6,2300,7,15
6,2300,10,15
7,200,4,16
7,200,7,15
7,200,10,15
7,500,4,15
7,500,7,15
7,800,4,15
7,800,7,15
7,1100,4,15
7,1100,7,15
7,1400,4,15
7,1400,7,15
7,1700,4,15
7,1700,7,15
7,2000,4,15
7,2000,7,14
7,2000,10,15
7,2300,4,15
7,2300,7,14
7,2300,10,15
8,200,4,15
8,200,7,14
8,200,10,15
8,500,4,14
8,500,7,15
8,800,4,15
8,800,7,14
8,1100,4,15
8,1100,7,14
8,1400,4,15
8,1400,7,14
8,1700,4,15
8,1700,7,14
8,2000,4,15
8,2000,7,15
8,2000,10,18
8,2300,4,15
8,2300,7,15
8,2300,10,18
9,200,4,15
9,200,7,15
9,200,10,18
9,500,4,15
9,500,7,18
9,800,4,15
9,800,7,18
9,1100,4,15
9,1100,7,18
9,1400,4,15
9,1400,7,18
9,1700,4,15
9,1700,7,18
9,2000,4,16
9,2000,7,18
9,2000,10,18
9,2300,4,16
9,2300,7,18
9,2300,10,18
10,200,4,16
10,200,7,18
10,200,10,18
10,500,4,18
10,500,7,18
10,800,4,18
10,800,7,18
10,1100,4,18
10,1100,7,18
10,1400,4,18
10,1400,7,18
10,1700,4,18
10,1700,7,18
10,2000,4,19
10,2000,7,18
10,2000,10,15
10,2300,4,19
10,2300,7,18
10,2300,10,15
11,200,4,19
11,200,7,18
11,200,10,15
11,500,4,18
11,500,7,15
11,800,4,18
11,800,7,15
11,1100,4,18
11,1100,7,15
11,1400,4,18
11,1400,7,15
11,1700,4,18
11,1700,7,15
11,2000,4,18
11,2000,7,15
11,2000,10,12
11,2300,4,18
11,2300,7,15
11,2300,10,12
12,200,4,18
12,200,7,15
12,200,10,12
12,500,4,15
12,500,7,12
12,800,4,14
12,800,7,12
12,1100,4,14
12,1100,7,12
12,1400,4,14
12,1400,7,12
12,1700,4,14
12,1700,7,12
12,2000,4,14
12,2000,7,12
12,2000,10,16
12,2300,4,14
12,2300,7,12
12,2300,10,16
13,200,4,14
13,200,7,12
13,200,10,16
13,500,4,12
13,500,7,16
13,800,4,12
13,800,7,15
13,1100,4,12
13,1100,7,15
13,1400,4,12
13,1400,7,15
13,1700,4,12
13,1700,7,15
13,2000,4,11
13,2000,7,15
13,2000,10,18
13,2300,4,11
13,2300,7,15
13,2300,10,18
14,200,4,11
14,200,7,15
14,200,10,18
14,500,4,15
14,500,7,18
14,800,4,15
14,800,7,18
14,1100,4,15
14,1100,7,18
14,1400,4,15
14,1400,7,18
14,1700,4,15
14,1700,7,18
14,2000,4,16
14,2000,7,18
14,2000,10,16
14,2300,4,16
14,2300,7,18
14,2300,10,16
15,200,4,16
15,200,7,18
15,200,10,16
15,500,4,18
15,500,7,16
15,800,4,19
15,800,7,16
15,1100,4,19
15,1100,7,16
15,1400,4,19
15,1400,7,16
15,1700,4,19
15,1700,7,16
15,2000,4,19
15,2000,7,16
15,2000,10,14
15,2300,4,19
15,2300,7,16
15,2300,10,14
16,200,4,19
16,200,7,16
16,200,10,14
16,500,4,16
16,500,7,14
16,800,4,16
16,800,7,14
16,1100,4,16
16,1100,7,14
16,1400,4,16
16,1400,7,14
16,1700,4,16
16,1700,7,14
16,2000,4,15
16,2000,7,14
16,2000,10,17
16,2300,4,15
16,2300,7,14
16,2300,10,17
17,200,4,15
17,200,7,14
17,200,10,17
17,500,4,14
17,500,7,17
17,800,4,13
17,800,7,17
17,1100,4,13
17,1100,7,17
17,1400,4,13
17,1400,7,17
17,1700,4,13
17,1700,7,17
17,2000,4,13
17,2000,7,17
17,2000,10,19
17,2300,4,13
17,2300,7,17
17,2300,10,19
18,200,4,13
18,200,7,17
18,200,10,19
18,500,4,17
18,500,7,19
18,800,4,17
18,800,7,19
18,1100,4,17
18,1100,7,19
18,1400,4,17
18,1400,7,19
18,1700,4,17
18,1700,7,19
18,2000,4,17
18,2000,7,19
18,2000,10,21
18,2300,4,17
18,2300,7,19
18,2300,10,21
19,200,4,17
19,200,7,19
19,200,10,21
19,500,4,19
19,500,7,21
19,800,4,19
19,800,7,21
19,1100,4,19
19,1100,7,21
19,1400,4,19
19,1400,7,21
19,1700,4,19
19,1700,7,21
19,2000,4,19
19,2000,7,21
19,2000,10,22
19,2300,4,19
19,2300,7,21
19,2300,10,22
20,200,4,19
20,200,7,21
20,200,10,22
20,500,4,21
20,500,7,22
20,800,4,21
20,800,7,22
20,1100,4,21
20,1100,7,22
20,1400,4,21
20,1400,7,22
20,1700,4,21
20,1700,7,22
20,2000,4,21
20,2000,7,22
20,2000,10,19
20,2300,4,21
20,2300,7,22
20,2300,10,19
21,200,4,21
21,200,7,22
21,200,10,19
21,500,4,22
21,500,7,19
21,800,4,23
21,800,7,20
21,1100,4,23
21,1100,7,20
21,1400,4,23
21,1400,7,20
21,1700,4,23
21,1700,7,20
21,2000,4,22
21,2000,7,20
21,2000,10,19
21,2300,4,22
21,2300,7,20
21,2300,10,19
22,200,4,22
22,200,7,20
22,200,10,19
22,500,4,20
22,500,7,19
22,800,4,21
22,800,7,20
22,1100,4,21
22,1100,7,20
22,1400,4,21
22,1400,7,20
22,1700,4,21
22,1700,7,20
22,2000,4,21
22,2000,7,20
22,2000,10,20
22,2300,4,21
22,2300,7,20
22,2300,10,20
23,200,4,21
23,200,7,20
23,200,10,20
23,500,4,20
23,500,7,20
23,800,4,20
23,800,7,20
23,1100,4,20
23,1100,7,20
23,1400,4,20
23,1400,7,20
23,1700,4,20
23,1700,7,20
23,2000,4,20
23,2000,7,20
23,2000,10,18
23,2300,4,20
23,2300,7,20
23,2300,10,18
24,200,4,20
24,200,7,20
24,200,10,18
24,500,4,20
24,500,7,18
24,800,4,20
24,800,7,18
24,1100,4,20
24,1100,7,18
24,1400,4,20
24,1400,7,18
24,1700,4,20
24,1700,7,18
24,2000,4,20
24,2000,7,18
24,2000,10,19
24,2300,4,20
24,2300,7,18
24,2300,10,19
25,200,4,20
25,200,7,18
25,200,10,19
25,500,4,18
25,500,7,19
25,800,4,18
25,800,7,20
25,1100,4,18
25,1100,7,20
25,1400,4,18
25,1400,7,20
25,1700,4,18
25,1700,7,20
25,2000,4,19
25,2000,7,20
25,2000,10,19
25,2300,4,19
25,2300,7,20
25,2300,10,19
26,200,4,19
26,200,7,20
26,200,10,19
26,500,4,20
26,500,7,19
26,800,4,20
26,800,7,20
26,1100,4,20
26,1100,7,20
26,1400,4,20
26,1400,7,20
26,1700,4,20
26,1700,7,20
26,2000,4,21
26,2000,7,20
26,2000,10,21
26,2300,4,21
26,2300,7,20
26,2300,10,21
27,200,4,21
27,200,7,20
27,200,10,21
27,500,4,20
27,500,7,21
27,800,4,20
27,800,7,21
27,1100,4,20
27,1100,7,21
27,1400,4,20
27,1400,7,21
27,1700,4,20
27,1700,7,21
27,2000,4,19
27,2000,7,21
27,2000,10,21
27,2300,4,19
27,2300,7,21
27,2300,10,21
28,200,4,19
28,200,7,21
28,200,10,21
28,500,4,21
28,500,7,21
28,800,4,21
28,800,7,19
28,1100,4,21
28,1100,7,19
28,1400,4,21
28,1400,7,19
28,1700,4,21
28,1700,7,19
28,2000,4,21
28,2000,7,19
28,2000,10,15
28,2300,4,21
28,2300,7,19
28,2300,10,15
29,200,4,21
29,200,7,19
29,200,10,15
29,500,4,19
29,500,7,15
29,800,4,19
29,800,7,15
29,1100,4,19
29,1100,7,15
29,1400,4,19
29,1400,7,15
29,1700,4,19
29,1700,7,15
29,2000,4,19
29,2000,7,14
29,2000,10,15
29,2300,4,19
29,2300,7,14
29,2300,10,15
30,200,4,19
30,200,7,14
30,200,10,15
30,500,4,14
30,500,7,15
30,800,4,13
30,800,7,15
30,1100,4,13
30,1100,7,15
30,1400,4,13
30,1400,7,15
30,1700,4,13
30,1700,7,15
30,2000,4,13
30,2000,7,14
30,2000,10,19
30,2300,4,13
30,2300,7,14
30,2300,10,19
 Start : 20210501 ,,,
1,200,4,13
1,200,7,14
1,200,10,19
1,500,4,14
1,500,7,19
1,800,4,14
1,800,7,19
1,1100,4,14
1,1100,7,19
1,1400,4,14
1,1400,7,19
1,1700,4,14
1,1700,7,19
1,2000,4,14
1,2000,7,20
1,2000,10,21
1,2300,4,14
1,2300,7,20
1,2300,10,21
2,200,4,14
2,200,7,20
2,200,10,21
2,500,4,20
2,500,7,21
2,800,4,20
2,800,7,21
2,1100,4,20
2,1100,7,21
2,1400,4,20
2,1400,7,21
2,1700,4,20
2,1700,7,21
2,2000,4,19
2,2000,7,21
2,2000,10,19
2,2300,4,19
2,2300,7,21
2,2300,10,19
3,200,4,19
3,200,7,21
3,200,10,19
3,500,4,21
3,500,7,19
3,800,4,21
3,800,7,20
3,1100,4,21
3,1100,7,20
3,1400,4,21
3,1400,7,20
3,1700,4,21
3,1700,7,20
3,2000,4,21
3,2000,7,20
3,2000,10,21
3,2300,4,21
3,2300,7,20
3,2300,10,21
4,200,4,21
4,200,7,20
4,200,10,21
4,500,4,20
4,500,7,21
4,800,4,19
4,800,7,20
4,1100,4,19
4,1100,7,20
4,1400,4,19
4,1400,7,20
4,1700,4,19
4,1700,7,20
4,2000,4,20
4,2000,7,22
4,2000,10,22
4,2300,4,20
4,2300,7,22
4,2300,10,22
5,200,4,20
5,200,7,22
5,200,10,22
5,500,4,22
5,500,7,22
5,800,4,22
5,800,7,23
5,1100,4,22
5,1100,7,23
5,1400,4,22
5,1400,7,23
5,1700,4,22
5,1700,7,23
5,2000,4,22
5,2000,7,24
5,2000,10,23
5,2300,4,22
5,2300,7,24
5,2300,10,23
6,200,4,22
6,200,7,24
6,200,10,23
6,500,4,24
6,500,7,23
6,800,4,24
6,800,7,24
6,1100,4,24
6,1100,7,24
6,1400,4,24
6,1400,7,24
6,1700,4,24
6,1700,7,24
6,2000,4,23
6,2000,7,24
6,2000,10,22
6,2300,4,23
6,2300,7,24
6,2300,10,22
7,200,4,23
7,200,7,24
7,200,10,22
7,500,4,24
7,500,7,22
7,800,4,23
7,800,7,21
7,1100,4,23
7,1100,7,21
7,1400,4,23
7,1400,7,21
7,1700,4,23
7,1700,7,21
7,2000,4,23
7,2000,7,22
7,2000,10,24
7,2300,4,23
7,2300,7,22
7,2300,10,24
8,200,4,23
8,200,7,22
8,200,10,24
8,500,4,22
8,500,7,24
8,800,4,23
8,800,7,24
8,1100,4,23
8,1100,7,24
8,1400,4,23
8,1400,7,24
8,1700,4,23
8,1700,7,24
8,2000,4,23
8,2000,7,24
8,2000,10,21
8,2300,4,23
8,2300,7,24
8,2300,10,21
9,200,4,23
9,200,7,24
9,200,10,21
9,500,4,24
9,500,7,21
9,800,4,25
9,800,7,21
9,1100,4,25
9,1100,7,21
9,1400,4,25
9,1400,7,21
9,1700,4,25
9,1700,7,21
9,2000,4,25
9,2000,7,22
9,2000,10,22
9,2300,4,25
9,2300,7,22
9,2300,10,22
10,200,4,25
10,200,7,22
10,200,10,22
10,500,4,22
10,500,7,22
10,800,4,21
10,800,7,20
10,1100,4,21
10,1100,7,20
10,1400,4,21
10,1400,7,20
10,1700,4,21
10,1700,7,20
10,2000,4,21
10,2000,7,21
10,2000,10,22
10,2300,4,21
10,2300,7,21
10,2300,10,22
11,200,4,21
11,200,7,21
11,200,10,22
11,500,4,21
11,500,7,22
11,800,4,20
11,800,7,22
11,1100,4,20
11,1100,7,22
11,1400,4,20
11,1400,7,22
11,1700,4,20
11,1700,7,22
11,2000,4,20
11,2000,7,22
11,2000,10,24
11,2300,4,20
11,2300,7,22
11,2300,10,24
12,200,4,20
12,200,7,22
12,200,10,24
12,500,4,22
12,500,7,24
12,800,4,23
12,800,7,24
12,1100,4,23
12,1100,7,24
12,1400,4,23
12,1400,7,24
12,1700,4,23
12,1700,7,24
12,2000,4,22
12,2000,7,25
12,2000,10,26
12,2300,4,22
12,2300,7,25
12,2300,10,26
13,200,4,22
13,200,7,25
13,200,10,26
13,500,4,25
13,500,7,26
13,800,4,24
13,800,7,26
13,1100,4,24
13,1100,7,26
13,1400,4,24
13,1400,7,26
13,1700,4,24
13,1700,7,26
13,2000,4,24
13,2000,7,26
13,2000,10,26
13,2300,4,24
13,2300,7,26
13,2300,10,26
14,200,4,24
14,200,7,26
14,200,10,26
14,500,4,26
14,500,7,26
14,800,4,27
14,800,7,27
14,1100,4,27
14,1100,7,27
14,1400,4,27
14,1400,7,27
14,1700,4,27
14,1700,7,27
14,2000,4,27
14,2000,7,27
14,2000,10,21
14,2300,4,27
14,2300,7,27
14,2300,10,21
15,200,4,27
15,200,7,27
15,200,10,21
15,500,4,27
15,500,7,21
15,800,4,25
15,800,7,20
15,1100,4,25
15,1100,7,20
15,1400,4,25
15,1400,7,20
15,1700,4,25
15,1700,7,20
15,2000,4,27
15,2000,7,20
15,2000,10,20
15,2300,4,27
15,2300,7,20
15,2300,10,20
16,200,4,27
16,200,7,20
16,200,10,20
16,500,4,20
16,500,7,20
16,800,4,19
16,800,7,20
16,1100,4,19
16,1100,7,20
16,1400,4,19
16,1400,7,20
16,1700,4,19
16,1700,7,20
16,2000,4,20
16,2000,7,21
16,2000,10,22
16,2300,4,20
16,2300,7,21
16,2300,10,22
17,200,4,20
17,200,7,21
17,200,10,22
17,500,4,21
17,500,7,22
17,800,4,21
17,800,7,23
17,1100,4,21
17,1100,7,23
17,1400,4,21
17,1400,7,23
17,1700,4,21
17,1700,7,23
17,2000,4,21
17,2000,7,23
17,2000,10,23
17,2300,4,21
17,2300,7,23
17,2300,10,23
18,200,4,21
18,200,7,23
18,200,10,23
18,500,4,23
18,500,7,23
18,800,4,24
18,800,7,22
18,1100,4,24
18,1100,7,22
18,1400,4,24
18,1400,7,22
18,1700,4,24
18,1700,7,22
18,2000,4,24
18,2000,7,22
18,2000,10,19
18,2300,4,24
18,2300,7,22
18,2300,10,19
19,200,4,24
19,200,7,22
19,200,10,19
19,500,4,22
19,500,7,19
19,800,4,22
19,800,7,19
19,1100,4,22
19,1100,7,19
19,1400,4,22
19,1400,7,19
19,1700,4,22
19,1700,7,19
19,2000,4,22
19,2000,7,19
19,2000,10,23
19,2300,4,22
19,2300,7,19
19,2300,10,23
20,200,4,22
20,200,7,19
20,200,10,23
20,500,4,19
20,500,7,23
20,800,4,19
20,800,7,23
20,1100,4,19
20,1100,7,23
20,1400,4,19
20,1400,7,23
20,1700,4,19
20,1700,7,23
20,2000,4,19
20,2000,7,23
20,2000,10,24
20,2300,4,19
20,2300,7,23
20,2300,10,24
21,200,4,19
21,200,7,23
21,200,10,24
21,500,4,23
21,500,7,24
21,800,4,23
21,800,7,25
21,1100,4,23
21,1100,7,25
21,1400,4,23
21,1400,7,25
21,1700,4,23
21,1700,7,25
21,2000,4,22
21,2000,7,25
21,2000,10,22
21,2300,4,22
21,2300,7,25
21,2300,10,22
22,200,4,22
22,200,7,25
22,200,10,22
22,500,4,25
22,500,7,22
22,800,4,25
22,800,7,22
22,1100,4,25
22,1100,7,22
22,1400,4,25
22,1400,7,22
22,1700,4,25
22,1700,7,22
22,2000,4,24
22,2000,7,22
22,2000,10,25
22,2300,4,24
22,2300,7,22
22,2300,10,25
23,200,4,24
23,200,7,22
23,200,10,25
23,500,4,22
23,500,7,25
23,800,4,22
23,800,7,25
23,1100,4,22
23,1100,7,25
23,1400,4,22
23,1400,7,25
23,1700,4,22
23,1700,7,25
23,2000,4,22
23,2000,7,23
23,2000,10,23
23,2300,4,22
23,2300,7,23
23,2300,10,23
24,200,4,22
24,200,7,23
24,200,10,23
24,500,4,23
24,500,7,23
24,800,4,23
24,800,7,23
24,1100,4,23
24,1100,7,23
24,1400,4,23
24,1400,7,23
24,1700,4,23
24,1700,7,23
24,2000,4,23
24,2000,7,24
24,2000,10,22
24,2300,4,23
24,2300,7,24
24,2300,10,22
25,200,4,23
25,200,7,24
25,200,10,22
25,500,4,24
25,500,7,22
25,800,4,23
25,800,7,23
25,1100,4,23
25,1100,7,23
25,1400,4,23
25,1400,7,23
25,1700,4,23
25,1700,7,23
25,2000,4,23
25,2000,7,22
25,2000,10,25
25,2300,4,23
25,2300,7,22
25,2300,10,25
26,200,4,23
26,200,7,22
26,200,10,25
26,500,4,22
26,500,7,25
26,800,4,23
26,800,7,26
26,1100,4,23
26,1100,7,26
26,1400,4,23
26,1400,7,26
26,1700,4,23
26,1700,7,26
26,2000,4,23
26,2000,7,25
26,2000,10,23
26,2300,4,23
26,2300,7,25
26,2300,10,23
27,200,4,23
27,200,7,25
27,200,10,23
27,500,4,25
27,500,7,23
27,800,4,26
27,800,7,23
27,1100,4,26
27,1100,7,23
27,1400,4,26
27,1400,7,23
27,1700,4,26
27,1700,7,23
27,2000,4,25
27,2000,7,23
27,2000,10,25
27,2300,4,25
27,2300,7,23
27,2300,10,25
28,200,4,26
28,200,7,23
28,200,10,25
28,500,4,23
28,500,7,25
28,800,4,23
28,800,7,25
28,1100,4,23
28,1100,7,25
28,1400,4,23
28,1400,7,25
28,1700,4,23
28,1700,7,25
28,2000,4,23
28,2000,7,25
28,2000,10,25
28,2300,4,23
28,2300,7,25
28,2300,10,25
29,200,4,23
29,200,7,25
29,200,10,25
29,500,4,25
29,500,7,25
29,800,4,25
29,800,7,26
29,1100,4,25
29,1100,7,26
29,1400,4,25
29,1400,7,26
29,1700,4,25
29,1700,7,26
29,2000,4,25
29,2000,7,26
29,2000,10,26
29,2300,4,25
29,2300,7,26
29,2300,10,26
30,200,4,25
30,200,7,26
30,200,10,26
30,500,4,26
30,500,7,26
30,800,4,26
30,800,7,26
30,1100,4,26
30,1100,7,26
30,1400,4,26
30,1400,7,26
30,1700,4,26
30,1700,7,26
30,2000,4,26
30,2000,7,27
30,2000,10,26
30,2300,4,26
30,2300,7,27
30,2300,10,26
31,200,4,26
31,200,7,27
31,200,10,26
31,500,4,27
31,500,7,26
31,800,4,27
31,800,7,25
31,1100,4,27
31,1100,7,25
31,1400,4,27
31,1400,7,25
31,1700,4,27
31,1700,7,25
31,2000,4,27
31,2000,7,26
31,2000,10,26
31,2300,4,27
31,2300,7,26
31,2300,10,26
 Start : 20210601 ,,,
1,200,4,27
1,200,7,26
1,200,10,26
1,500,4,26
1,500,7,26
1,800,4,25
1,800,7,26
1,1100,4,25
1,1100,7,26
1,1400,4,25
1,1400,7,26
1,1700,4,25
1,1700,7,26
1,2000,4,24
1,2000,7,26
1,2000,10,22
1,2300,4,24
1,2300,7,26
1,2300,10,22
2,200,4,24
2,200,7,26
2,200,10,22
2,500,4,26
2,500,7,22
2,800,4,27
2,800,7,22
2,1100,4,27
2,1100,7,22
2,1400,4,27
2,1400,7,22
2,1700,4,27
2,1700,7,22
2,2000,4,26
2,2000,7,23
2,2000,10,26
2,2300,4,26
2,2300,7,23
2,2300,10,26
3,200,4,26
3,200,7,23
3,200,10,26
3,500,4,23
3,500,7,26
3,800,4,23
3,800,7,26
3,1100,4,23
3,1100,7,26
3,1400,4,23
3,1400,7,26
3,1700,4,23
3,1700,7,26
3,2000,4,23
3,2000,7,26
3,2000,10,27
3,2300,4,23
3,2300,7,26
3,2300,10,27
4,200,4,23
4,200,7,26
4,200,10,27
4,500,4,26
4,500,7,27
4,800,4,26
4,800,7,28
4,1100,4,26
4,1100,7,28
4,1400,4,26
4,1400,7,28
4,1700,4,26
4,1700,7,28
4,2000,4,26
4,2000,7,28
4,2000,10,27
4,2300,4,26
4,2300,7,28
4,2300,10,27
5,200,4,26
5,200,7,28
5,200,10,27
5,500,4,28
5,500,7,27
5,800,4,28
5,800,7,28
5,1100,4,28
5,1100,7,28
5,1400,4,28
5,1400,7,28
5,1700,4,28
5,1700,7,28
5,2000,4,28
5,2000,7,28
5,2000,10,28
5,2300,4,28
5,2300,7,28
5,2300,10,28
6,200,4,28
6,200,7,28
6,200,10,28
6,500,4,28
6,500,7,28
6,800,4,28
6,800,7,28
6,1100,4,28
6,1100,7,28
6,1400,4,28
6,1400,7,28
6,1700,4,28
6,1700,7,28
6,2000,4,28
6,2000,7,28
6,2000,10,27
6,2300,4,28
6,2300,7,28
6,2300,10,27
7,200,4,28
7,200,7,28
7,200,10,27
7,500,4,28
7,500,7,27
7,800,4,29
7,800,7,27
7,1100,4,29
7,1100,7,27
7,1400,4,29
7,1400,7,27
7,1700,4,29
7,1700,7,27
7,2000,4,29
7,2000,7,27
7,2000,10,26
7,2300,4,29
7,2300,7,27
7,2300,10,26
8,200,4,29
8,200,7,27
8,200,10,26
8,500,4,27
8,500,7,26
8,800,4,27
8,800,7,26
8,1100,4,27
8,1100,7,26
8,1400,4,27
8,1400,7,26
8,1700,4,27
8,1700,7,26
8,2000,4,27
8,2000,7,26
8,2000,10,25
8,2300,4,27
8,2300,7,26
8,2300,10,25
9,200,4,27
9,200,7,26
9,200,10,25
9,500,4,26
9,500,7,25
9,800,4,26
9,800,7,25
9,1100,4,26
9,1100,7,25
9,1400,4,26
9,1400,7,25
9,1700,4,26
9,1700,7,25
9,2000,4,26
9,2000,7,26
9,2000,10,26
9,2300,4,26
9,2300,7,26
9,2300,10,26
10,200,4,26
10,200,7,26
10,200,10,26
10,500,4,26
10,500,7,26
10,800,4,26
10,800,7,27
10,1100,4,26
10,1100,7,27
10,1400,4,26
10,1400,7,27
10,1700,4,26
10,1700,7,27
10,2000,4,26
10,2000,7,27
10,2000,10,26
10,2300,4,26
10,2300,7,27
10,2300,10,26
11,200,4,26
11,200,7,27
11,200,10,26
11,500,4,27
11,500,7,26
11,800,4,27
11,800,7,26
11,1100,4,27
11,1100,7,26
11,1400,4,27
11,1400,7,26
11,1700,4,27
11,1700,7,26
11,2000,4,26
11,2000,7,25
11,2000,10,25
11,2300,4,26
11,2300,7,25
11,2300,10,25
12,200,4,26
12,200,7,25
12,200,10,25
12,500,4,25
12,500,7,25
12,800,4,25
12,800,7,27
12,1100,4,25
12,1100,7,27
12,1400,4,25
12,1400,7,27
12,1700,4,25
12,1700,7,27
12,2000,4,25
12,2000,7,26
12,2000,10,24
12,2300,4,25
12,2300,7,26
12,2300,10,24
13,200,4,25
13,200,7,26
13,200,10,24
13,500,4,26
13,500,7,24
13,800,4,26
13,800,7,24
13,1100,4,26
13,1100,7,24
13,1400,4,26
13,1400,7,24
13,1700,4,26
13,1700,7,24
13,2000,4,26
13,2000,7,24
13,2000,10,23
13,2300,4,26
13,2300,7,24
13,2300,10,23
14,200,4,26
14,200,7,24
14,200,10,23
14,500,4,24
14,500,7,23
14,800,4,24
14,800,7,23
14,1100,4,24
14,1100,7,23
14,1400,4,24
14,1400,7,23
14,1700,4,24
14,1700,7,23
14,2000,4,25
14,2000,7,23
14,2000,10,24
14,2300,4,25
14,2300,7,23
14,2300,10,24
15,200,4,25
15,200,7,23
15,200,10,24
15,500,4,23
15,500,7,24
15,800,4,23
15,800,7,23
15,1100,4,23
15,1100,7,23
15,1400,4,23
15,1400,7,23
15,1700,4,23
15,1700,7,23
15,2000,4,22
15,2000,7,23
15,2000,10,24
15,2300,4,22
15,2300,7,23
15,2300,10,24
16,200,4,22
16,200,7,23
16,200,10,24
16,500,4,23
16,500,7,24
16,800,4,23
16,800,7,24
16,1100,4,23
16,1100,7,24
16,1400,4,23
16,1400,7,24
16,1700,4,23
16,1700,7,24
16,2000,4,23
16,2000,7,24
16,2000,10,26
16,2300,4,23
16,2300,7,24
16,2300,10,26
17,200,4,23
17,200,7,24
17,200,10,26
17,500,4,24
17,500,7,26
17,800,4,24
17,800,7,26
17,1100,4,24
17,1100,7,26
17,1400,4,24
17,1400,7,26
17,1700,4,24
17,1700,7,26
17,2000,4,24
17,2000,7,26
17,2000,10,27
17,2300,4,24
17,2300,7,26
17,2300,10,27
18,200,4,24
18,200,7,26
18,200,10,27
18,500,4,26
18,500,7,27
18,800,4,26
18,800,7,27
18,1100,4,26
18,1100,7,27
18,1400,4,26
18,1400,7,27
18,1700,4,26
18,1700,7,27
18,2000,4,26
18,2000,7,27
18,2000,10,27
18,2300,4,26
18,2300,7,27
18,2300,10,27
19,200,4,26
19,200,7,27
19,200,10,27
19,500,4,27
19,500,7,27
19,800,4,27
19,800,7,27
19,1100,4,27
19,1100,7,27
19,1400,4,27
19,1400,7,27
19,1700,4,27
19,1700,7,27
19,2000,4,27
19,2000,7,27
19,2000,10,28
19,2300,4,27
19,2300,7,27
19,2300,10,28
20,200,4,27
20,200,7,27
20,200,10,28
20,500,4,27
20,500,7,28
20,800,4,28
20,800,7,28
20,1100,4,28
20,1100,7,28
20,1400,4,28
20,1400,7,28
20,1700,4,28
20,1700,7,28
20,2000,4,28
20,2000,7,28
20,2000,10,25
20,2300,4,28
20,2300,7,28
20,2300,10,25
21,200,4,28
21,200,7,28
21,200,10,25
21,500,4,28
21,500,7,25
21,800,4,28
21,800,7,25
21,1100,4,28
21,1100,7,25
21,1400,4,28
21,1400,7,25
21,1700,4,28
21,1700,7,25
21,2000,4,28
21,2000,7,25
21,2000,10,24
21,2300,4,28
21,2300,7,25
21,2300,10,24
22,200,4,28
22,200,7,25
22,200,10,24
22,500,4,25
22,500,7,24
22,800,4,26
22,800,7,25
22,1100,4,26
22,1100,7,25
22,1400,4,26
22,1400,7,25
22,1700,4,26
22,1700,7,25
22,2000,4,26
22,2000,7,25
22,2000,10,25
22,2300,4,26
22,2300,7,25
22,2300,10,25
23,200,4,26
23,200,7,25
23,200,10,25
23,500,4,25
23,500,7,25
23,800,4,24
23,800,7,25
23,1100,4,24
23,1100,7,25
23,1400,4,24
23,1400,7,25
23,1700,4,24
23,1700,7,25
23,2000,4,25
23,2000,7,25
23,2000,10,27
23,2300,4,25
23,2300,7,25
23,2300,10,27
24,200,4,25
24,200,7,25
24,200,10,27
24,500,4,25
24,500,7,27
24,800,4,26
24,800,7,26
24,1100,4,26
24,1100,7,26
24,1400,4,26
24,1400,7,26
24,1700,4,26
24,1700,7,26
24,2000,4,26
24,2000,7,26
24,2000,10,25
24,2300,4,26
24,2300,7,26
24,2300,10,25
25,200,4,26
25,200,7,26
25,200,10,25
25,500,4,26
25,500,7,25
25,800,4,27
25,800,7,26
25,1100,4,27
25,1100,7,26
25,1400,4,27
25,1400,7,26
25,1700,4,27
25,1700,7,26
25,2000,4,27
25,2000,7,26
25,2000,10,26
25,2300,4,27
25,2300,7,26
25,2300,10,26
26,200,4,27
26,200,7,26
26,200,10,26
26,500,4,26
26,500,7,26
26,800,4,27
26,800,7,26
26,1100,4,27
26,1100,7,26
26,1400,4,27
26,1400,7,26
26,1700,4,27
26,1700,7,26
26,2000,4,27
26,2000,7,26
26,2000,10,26
26,2300,4,27
26,2300,7,26
26,2300,10,26
27,200,4,27
27,200,7,26
27,200,10,26
27,500,4,26
27,500,7,26
27,800,4,25
27,800,7,26
27,1100,4,25
27,1100,7,26
27,1400,4,25
27,1400,7,26
27,1700,4,25
27,1700,7,26
27,2000,4,26
27,2000,7,26
27,2000,10,27
27,2300,4,26
27,2300,7,26
27,2300,10,27
28,200,4,26
28,200,7,26
28,200,10,27
28,500,4,26
28,500,7,27
28,800,4,27
28,800,7,27
28,1100,4,27
28,1100,7,27
28,1400,4,27
28,1400,7,27
28,1700,4,27
28,1700,7,27
28,2000,4,27
28,2000,7,27
28,2000,10,28
28,2300,4,27
28,2300,7,27
28,2300,10,28
29,200,4,27
29,200,7,27
29,200,10,28
29,500,4,27
29,500,7,28
29,800,4,27
29,800,7,28
29,1100,4,27
29,1100,7,28
29,1400,4,27
29,1400,7,28
29,1700,4,27
29,1700,7,28
29,2000,4,27
29,2000,7,28
29,2000,10,26
29,2300,4,27
29,2300,7,28
29,2300,10,26
30,200,4,27
30,200,7,28
30,200,10,26
30,500,4,28
30,500,7,26
30,800,4,28
30,800,7,27
30,1100,4,28
30,1100,7,27
30,1400,4,28
30,1400,7,27
30,1700,4,28
30,1700,7,27
30,2000,4,28
30,2000,7,27
30,2000,10,26
30,2300,4,28
30,2300,7,27
30,2300,10,26
 ,,,
